he,his,him
she,her
they,them
be,was,were,been,is,are,am
beat,beat,beaten
become,became,become
begin,began,begun
bend,bent,bent
bet,bet,bet
bid,bid,bid
bite,bit,bitten
blow,blew,blown
break,broke,broken
bring,brought,brought
build,built,built
burn,burned,burnt
buy,bought,bought
catch,caught,caught
choose,chose,chosen
come,came,come
dig,dug,dug
dive,dove,dived
do,did,done
draw,drew,drawn
dream,dreamed,dreamt
drive,drove,driven
drink,drank,drunk
eat,ate,eaten
fall,fell,fallen
feel,felt,felt
fight,fought,fought
find,found,found
fly,flew,flown
forget,forgot,forgotten
forgive,forgave,forgiven
freeze,froze,frozen
get,got,gotten
give,gave,given
go,went,gone
grow,grew,grown
hang,hung,hung
have,had,had
hear,heard,heard
hide,hid,hidden
hit,hit,hit
hold,held,held
hurt,hurt,hurt
keep,kept,kept
know,knew,known
lay,laid,laid
lead,led,led
leave,left,left
lend,lent,lent
let,let,let
lie,lay,lain
lose,lost,lost
make,made,made
mean,meant,meant
meet,met,met
pay,paid,paid
put,put,put
read,read,read
ride,rode,ridden
ring,rang,rung
rise,rose,risen
run,ran,run
say,said,said
see,saw,seen
sell,sold,sold
send,sent,sent
show,showed,shown
shut,shut,shut
sing,sang,sung
sit,sat,sat
sleep,slept,slept
speak,spoke,spoken
spend,spent,spent
stand,stood,stood
swim,swam,swum
take,took,taken
teach,taught,taught
tear,tore,torn
tell,told,told
think,thought,thought
throw,threw,thrown
understand,understood
wake,woke,woken
wear,wore,worn
win,won,won
write,wrote,written
addendum,addenda,addendums
aircraft,aircraft
alumna,alumnae
alumnus,alumni
analysis,analyses
antenna,antennae,antennas
antithesis,antitheses
apex,apices,apexes
appendix,appendices,appendixes
axis,axes
bacillus,bacilli
bacterium,bacteria
basis,bases
beau,beaux,beaus
bison,bison
bureau,bureaux,bureaus
cactus,cacti,cactus,cactuses
château,châteaux,châteaus
child,children
codex,codices
concerto,concerti,concertos
corpus,corpora
crisis,crises
criterion,criteria,criterions
curriculum,curricula,curriculums
datum,data
deer,deer,deers
diagnosis,diagnoses
die,dice,dies
dwarf,dwarves,dwarfs
ellipsis,ellipses
erratum,errata
faux pas,faux pas
fez,fezzes,fezes
fish,fish,fishes
focus,foci,focuses
foot,feet,foot
formula,formulae,formulas
fungus,fungi,funguses
genus,genera,genuses
goose,geese
graffito,graffiti
grouse,grouse,grouses
half,halves
hoof,hooves,hoofs
hypothesis,hypotheses
index,indices,indexes
larva,larvae,larvas
libretto,libretti,librettos
loaf,loaves
locus,loci
louse,lice
man,men
matrix,matrices,matrixes
medium,media,mediums
memorandum,memoranda,memorandums
minutia,minutiae
moose,moose
mouse,mice
nebula,nebulae,nebulas
nucleus,nuclei,nucleuses
oasis,oases
offspring,offspring,offsprings
opus,opera,opuses
ovum,ova
ox,oxen,ox
parenthesis,parentheses
phenomenon,phenomena,phenomenons
phylum,phyla
quiz,quizzes
radius,radii,radiuses
referendum,referenda,referendums
salmon,salmon,salmons
scarf,scarves,scarfs
self,selves
series,series
sheep,sheep
shrimp,shrimp,shrimps
species,species
stimulus,stimuli
stratum,strata
swine,swine
syllabus,syllabi,syllabuses
symposium,symposia,symposiums
synopsis,synopses
tableau,tableaux,tableaus
thesis,theses
thief,thieves
tooth,teeth
trout,trout,trouts
tuna,tuna,tunas
vertebra,vertebrae,vertebras
vertex,vertices,vertexes
vita,vitae
vortex,vortices,vortexes
wharf,wharves,wharfs
wife,wives
wolf,wolves
woman,women